last_name,company,job_title,city,university,phone,email
Pollett,Omba,Internal Auditor,Sesheke,University of Zambia,222-398-8279,ppollett0@foxnews.com
Onge,Cogidoo,Compensation Analyst,Querecotillo,Universidad Nacional de San Antonio Abad,650-786-5808,aonge1@fda.gov
Rawls,Edgewire,Health Coach II,Licupis,Universidad Nacional de San Martín,325-412-0143,brawls2@slideshare.net
Fairrie,Digitube,General Manager,Yonghe,Fuzhou University,664-380-9221,afairrie3@reuters.com
Titcomb,Quaxo,Internal Auditor,Wang Yang,Mahachulalongkorn Buddhist University,477-429-2626,gtitcomb4@dyndns.org
Lindegard,Shuffletag,Mechanical Systems Engineer,Tarauacá,Universidade Vale do Rio Doce,179-490-8666,clindegard5@ezinearticles.com
Gascard,Jabbersphere,Geologist II,Filabusi,Bindura University of Science Education,669-932-9006,fgascard6@bbb.org
Prandi,Kwimbee,Electrical Engineer,Pak Phanang,Lampang College of Commerce and Technology,735-377-4981,aprandi7@feedburner.com
Fleisch,Quaxo,Nurse Practicioner,Palopat,Universitas Islam Sultan Agung,599-268-1866,yfleisch8@php.net
Daybell,Oyoba,Help Desk Operator,Hot,"University of Korca ""Fan Noli""",743-857-4116,ldaybell9@google.es
Gidman,Voonix,Registered Nurse,Fu’an,Renmin University of China,688-249-9972,agidmana@webs.com
Canada,Gigaclub,Information Systems Manager,Rodatychi,Donetsk State Medical University,564-243-4401,mcanadab@ocn.ne.jp
Kloska,Vipe,Junior Executive,Rundeng,Universitas Terbuka Indonesia,230-197-7304,akloskac@mlb.com
Abdee,Skimia,Staff Accountant II,Dalu,Chinese People's Public Security University,164-396-6848,gabdeed@irs.gov
Kingman,Ntag,Nurse Practicioner,Vrýses,Technological Education Institute of Athens,899-158-2219,mkingmane@skyrock.com
Stonehewer,Flashdog,Research Assistant II,Wielki Kack,Pedagogical University of Zielona Gora,576-947-1085,fstonehewerf@bloomberg.com
Godard,Ntag,Systems Administrator IV,Biograd na Moru,University of Split,491-163-7298,cgodardg@mediafire.com
Brogini,Camido,Civil Engineer,Mata,Escola Superior de Artes e Design,660-563-0312,jbroginih@narod.ru
Fourman,Realbuzz,Database Administrator II,Pandan Niog,University of Cebu,623-697-7911,rfourmani@godaddy.com
Helleckas,Oozz,Senior Financial Analyst,Tafí Viejo,Universidad Nacional del Littoral,869-571-4240,bhelleckasj@google.fr
Shillaber,Eamia,Junior Executive,Nanying,The University of Nottingham Ningbo China,473-244-0953,lshillaberk@webmd.com
Juorio,Bubblemix,Recruiting Manager,Ubud,Universitas Islam Malang,684-956-1959,sjuoriol@tiny.cc
Bigland,Wordpedia,Food Chemist,Siak Sri Indrapura,Prasetiya Mulya Business School,416-865-3324,cbiglandm@reference.com
Sweetman,Yozio,VP Quality Control,Badīn,Lahore College for Women University,458-421-6545,ksweetmann@goo.ne.jp
Marr,Meejo,Analyst Programmer,Youngstown,University of Nebraska - Lincoln,330-568-0610,kmarro@thetimes.co.uk
MacPeake,Livetube,Programmer I,Piran,University of Maribor,495-200-8596,cmacpeakep@google.es
Kier,Pixoboo,Programmer Analyst II,Qufu,Southwest Jiaotong University,369-627-7908,dkierq@pinterest.com
Leppingwell,Vitz,Desktop Support Technician,Ondores,Universidad Nacional Daniel Alcides Carrion,210-773-3565,aleppingwellr@soundcloud.com
Bonin,Topicstorm,Environmental Tech,Lanckorona,Technical University of Rzeszow,293-778-3024,cbonins@google.pl
Danzelman,Tagcat,Legal Assistant,Miaotang,Dalian University of Technology,741-660-4548,kdanzelmant@state.tx.us
Pietrasik,Aimbo,Quality Engineer,Drammen,Norwegian College of Veterinary Medicine,916-581-0949,ypietrasiku@so-net.ne.jp
Thridgould,Vipe,Environmental Tech,Cordeirópolis,Universidade Santa Cecília dos Bandeirantes,513-939-8601,mthridgouldv@ucla.edu
Stooke,Chatterpoint,Food Chemist,Dordrecht,University of Venda,941-413-6611,bstookew@etsy.com
Sherwen,Skinder,Chief Design Engineer,Araçuaí,Universidade do Rio de Janeiro,629-238-5782,msherwenx@nymag.com
Manclark,Dynazzy,Account Coordinator,Ujungpangkah,Universitas Ibn Chaldun Jakarta,806-814-6023,cmanclarky@sourceforge.net
Elks,Pixoboo,Business Systems Development Analyst,Cincinnati,Montreat College,513-839-5762,melksz@boston.com
Sealeaf,Skajo,Food Chemist,Manzherok,Novgorod State University,400-307-9153,asealeaf10@nationalgeographic.com
Jansson,Midel,Nurse,Donghai,Capital University of Medical Sciences,559-720-9851,gjansson11@nydailynews.com
Moody,Devshare,Community Outreach Specialist,Meruge,Instituto Politécnico de Bragança,259-609-8609,amoody12@wix.com
Bussons,Avamba,Financial Advisor,Svetlyy,Udmurt State University,149-839-7009,mbussons13@msn.com
Wethers,Gabtype,Analyst Programmer,Parintins,Universidade Católica Dom Bosco,430-307-2420,dwethers14@youku.com
Keneleyside,Brainsphere,Database Administrator IV,Nangang,The University of Nottingham Ningbo China,986-695-0236,nkeneleyside15@github.io
Matusevich,Zoomdog,Operator,Wonosari,Universitas Negeri Jakarta,320-295-6058,mmatusevich16@printfriendly.com
Luna,Zoonoodle,Research Associate,Wates,Institut Teknologi Sepuluh Nopember,331-907-3572,pluna17@independent.co.uk
Whaley,Eayo,Dental Hygienist,Sv. Anton,University of Maribor,258-913-8034,nwhaley18@tinypic.com
Hanwell,Yodel,Software Test Engineer IV,Tô Hạp,Hanoi Open University,945-312-7239,mhanwell19@bigcartel.com
Kermode,Cogidoo,Food Chemist,Nijemci,Zagreb School of Economics and Management,956-391-4037,dkermode1a@delicious.com
Elsmere,Vipe,Safety Technician II,Łopuszna,Pedagogical University of Slupsk,277-913-0285,belsmere1b@sun.com
Bleas,Roodel,Web Developer IV,Kinshasa,Université de Kisangani,983-673-3474,gbleas1c@wisc.edu
Willman,Oodoo,Quality Engineer,Gaotang,Shandong Medical University,925-521-3665,hwillman1d@mac.com
Ellar,Rhynyx,Health Coach IV,Río Guayabal de Yateras,Universidad Central de Las Villas,918-745-7918,rellar1e@fema.gov
Hughs,Edgeify,Nurse Practicioner,Otse,Botswana College of Agriculture,695-566-0024,rhughs1f@jiathis.com
Bertelet,Dynazzy,Help Desk Technician,Beiping,Urumqi Vocational University,272-603-6847,tbertelet1g@edublogs.org
Athy,Dabtype,Food Chemist,Nankou,Beijing Union University,990-138-1571,cathy1h@technorati.com
Crownshaw,Vinte,Research Nurse,Thayetmyo,Technological University (Meikhtila),739-522-0146,dcrownshaw1i@archive.org
Milbank,LiveZ,Senior Editor,Galtek,Universitas Widya Gama Malang,331-950-6214,tmilbank1j@ibm.com
Veryan,Browsedrive,Software Consultant,Kokubu-matsuki,Nagano University,574-305-1890,sveryan1k@ted.com
Roddell,Blogpad,Director of Sales,Bilqās,Sohag University,763-286-5015,rroddell1l@wired.com
Bearman,Skinder,Biostatistician III,Caçapava do Sul,Universidade do Grande Rio,859-109-1085,nbearman1m@forbes.com
Morritt,Aimbu,Internal Auditor,Nanjin,Shanghai Sipo Polytechnic,434-802-0307,lmorritt1n@aol.com
Castelot,Dynabox,Physical Therapy Assistant,Tsimlyansk,Samara State Academy of Architecture and Civil Engineering,572-650-6941,ncastelot1o@nationalgeographic.com
Hawtrey,Skinix,Staff Scientist,Suvorov,Belgorod State Technical University,540-214-1393,ahawtrey1p@si.edu
Moorton,Browsecat,Chemical Engineer,Dalun,Huaihua University,247-768-8217,rmoorton1q@bandcamp.com
Clewley,Twinder,Nurse Practicioner,Calomboyan,Central Philippine University,278-543-6131,zclewley1r@shinystat.com
Gatlin,JumpXS,Analyst Programmer,Leceia,Universidade Autónoma de Lisboa Luís de Camoes,173-247-5947,cgatlin1s@wordpress.com
Divell,Realcube,Registered Nurse,Arlöv,Chalmers University of Technology,978-657-0721,odivell1t@moonfruit.com
Blaxall,Kwideo,Clinical Specialist,Calvão,Instituto Politécnico de Setúbal,646-544-6290,cblaxall1u@epa.gov
Reynoldson,Feedbug,Chief Design Engineer,Borjomi,Tbilisi State Medical University,943-131-3414,rreynoldson1v@nsw.gov.au
Hourstan,Demimbu,Project Manager,Xiachengzi,Yangtze Normal University,416-475-4406,chourstan1w@usa.gov
Marthen,Minyx,Tax Accountant,Kallíthiron,Harokopio University,197-394-2031,rmarthen1x@1688.com
Rummer,Demimbu,Pharmacist,Желино,South East European University,846-323-5979,crummer1y@thetimes.co.uk
Fillis,Gigazoom,VP Accounting,Chengyang,Urumqi Vocational University,659-458-1690,bfillis1z@baidu.com
Baglow,Zoomzone,Accountant IV,Buenavista,Universidad Motolinía del Pedegral,547-816-7914,dbaglow20@npr.org
McUre,Devcast,Biostatistician III,Shuyuan Zhen,Tarim University,341-212-4599,gmcure21@wufoo.com
Dowbekin,Brainbox,Office Assistant III,Vredendal,University of the Free State,551-437-2895,kdowbekin22@home.pl
Mitchley,Gigashots,Senior Developer,Minūf,Military Technical College,584-569-8974,mmitchley23@indiatimes.com
Readie,Agimba,Project Manager,Hengshui,Henan Normal University,112-685-5829,treadie24@flavors.me
Axten,Jayo,Structural Analysis Engineer,Paris 03,Ecole Supérieure de Commerce de Brest,387-875-0063,taxten25@networksolutions.com
Peller,Tagcat,Internal Auditor,Guofu,Harbin Engineering University,691-397-1916,apeller26@google.com.au
Shirland,Shufflester,General Manager,Ilići,University of East Srarajevo,689-121-1830,eshirland27@domainmarket.com
Fain,Edgeblab,Health Coach IV,Point Pedro,Buddhist and Pali University of Sri Lanka,779-624-8774,mfain28@china.com.cn
Cleen,Shufflebeat,Senior Sales Associate,Ampeleíes,University of Ioannina,216-896-1204,ecleen29@mozilla.com
Dzenisenka,Voonder,Account Representative IV,Rybatskoye,Moscow P. I. Tchaikovsky Conservatory,414-726-7470,sdzenisenka2a@howstuffworks.com
Saice,Mybuzz,Junior Executive,Matriz de Camaragibe,Universidade Braz Cubas,257-530-9241,ssaice2b@wired.com
McBrearty,Vitz,Account Executive,Voiron,Ecole Supérieure d'Agriculture de Purpan,297-528-1293,mmcbrearty2c@netlog.com
Shawyer,Mydo,Pharmacist,Daszewice,University of Opole,203-958-3185,rshawyer2d@tuttocitta.it
Redley,Avavee,Database Administrator I,Semenivka,National Medical University O.O. Bogomolets,312-485-5666,mredley2e@wordpress.org
Winterbottom,Jamia,Assistant Manager,Flagstaff,University of Johannesburg,375-736-8848,swinterbottom2f@indiegogo.com
Moultrie,Thoughtbridge,Staff Accountant I,Quipot,"Irish University Business School, Cebu",982-340-4801,omoultrie2g@ustream.tv
Mannooch,Leexo,Graphic Designer,Honoria,Universidad Nacional de Piura,361-692-7867,jmannooch2h@salon.com
Orrice,Quatz,Structural Analysis Engineer,Palykavichy Pyershyya,Belarusian-Russian University,223-456-0579,gorrice2i@examiner.com
Durgan,Jabbertype,Research Associate,El Adelanto,Universidad Galileo,804-667-7933,gdurgan2j@cbsnews.com
Mullin,Babblestorm,Pharmacist,Dokshytsy,Academy of the Ministry of Internal Affairs of the Republic of Belarus,212-806-2525,bmullin2k@illinois.edu
Kilby,Zoonder,Senior Financial Analyst,Nezhinka,Vyatka State Pedagogical University,379-366-9122,tkilby2l@latimes.com
De Mars,Jetwire,Human Resources Manager,El Guapinol,Universidad Católica de Honduras,475-361-8225,fdemars2m@aboutads.info
Ballin,Quimm,Staff Scientist,Caçapava do Sul,Pontifícia Universidade Católica de Minas Gerais,233-127-4620,bballin2n@aol.com
Bispham,Meeveo,Automation Specialist II,Strazhitsa,Medical University Pleven,276-325-7167,ebispham2o@jigsy.com
Hitter,Wordtune,Account Executive,Āsmār,Faryab Higher Education Institute,785-803-2581,khitter2p@google.ru
Stannas,Topdrive,Quality Engineer,Aix-en-Provence,Université Val-de-Marne (Paris XII),617-714-2940,tstannas2q@cloudflare.com
Savory,Gabcube,Compensation Analyst,Hagi,Shonan Institute of Technology,382-205-0649,bsavory2r@google.nl
Adamsen,Edgeclub,Mechanical Systems Engineer,Markova,Kiev Slavonic University,337-436-1723,kadamsen2s@cyberchimps.com
Boissier,Voonte,Mechanical Systems Engineer,Francisco I Madero,Instituto Tecnológico de Celaya,517-443-3973,sboissier2t@clickbank.net
Spark,Fiveclub,Staff Accountant I,Ialibu,University of Papua New Guinea,793-719-8907,aspark2u@alibaba.com
Kenner,Riffwire,Senior Editor,Karlskoga,Royal lnstitute of Technology,734-583-7233,akenner2v@reddit.com
Shallo,Quatz,Actuary,Finzes,Instituto Superior de Assistentes e Intérpretes,298-785-0112,tshallo2w@independent.co.uk
Cawdron,Edgepulse,Statistician I,Doblas,Universidad Torcuato di Tella,402-764-0761,dcawdron2x@mozilla.org
Elford,Minyx,Analog Circuit Design manager,Fort Wayne,The Chicago School of Professional Psychology,260-827-5175,relford2y@wikia.com
Boulde,Wordify,Director of Sales,Odemira,Escola Superior de Hotelaria e Turismo do Estoril,910-490-6863,rboulde2z@bloomberg.com
Comelini,Vinder,Senior Financial Analyst,Działoszyce,Pedagogical University of Czestochowa,910-682-7438,icomelini30@tiny.cc
Caudell,Youspan,Nurse Practicioner,Cruz,Instituto Superior D. Afonso III - INUAF,349-521-7985,ccaudell31@nps.gov
Deval,Tagopia,Information Systems Manager,Valašská Bystřice,Mendel University of Agriculture and Forestry,704-288-5633,ddeval32@istockphoto.com
Tompkin,Gabtype,Professor,Conception Bay South,DeVry Institute of Technology,374-307-6982,ctompkin33@ameblo.jp
Verner,Kayveo,Marketing Manager,Bukovec,University of West Bohemia,748-647-3153,everner34@trellian.com
Maharry,Skynoodle,Technical Writer,Katsikás,Technological Education Institute of Lamia,645-854-0125,bmaharry35@issuu.com
Dybell,Feedbug,Teacher,Leskovac,University of Nis,476-885-4787,jdybell36@wix.com
Whitters,Vinder,Social Worker,Arapongas,Universidade Federal de Lavras,546-848-4847,hwhitters37@uol.com.br
Grigoletti,Fliptune,Senior Editor,Osek nad Bečvou,University of New York in Prague,799-244-0331,igrigoletti38@usatoday.com
Cordeix,Realbuzz,Environmental Specialist,Farah,Herat University,536-532-3465,hcordeix39@blinklist.com
Claxton,Linklinks,Associate Professor,Qiying,Xinjiang Normal University,103-287-8527,rclaxton3a@google.com
Shire,Fiveclub,Help Desk Technician,Pasirputih,Universitas Syiah Kuala,918-279-2985,dshire3b@cyberchimps.com
Joe,Jetwire,Food Chemist,Munkfors,Umea University,532-442-5879,ejoe3c@1und1.de
Chesher,Dablist,Legal Assistant,Yelizavetinskaya,Moscow Power Engineering Institute (Technical University),904-504-2344,gchesher3d@issuu.com
Brunner,Kare,Web Designer III,El Estor,Universidad Galileo,863-149-3701,ybrunner3e@technorati.com
Poplee,Realcube,Financial Advisor,Lowotukan,Universitas Putera Batam,899-403-7449,mpoplee3f@vimeo.com
Camerana,Eimbee,Environmental Tech,Bantal,Universitas Katolik Indonesia Atma Jaya,100-976-1329,mcamerana3g@pinterest.com
Comellini,Flipbug,Editor,Huangqiao,Hunan University,484-717-7226,jcomellini3h@nba.com
Stanway,Voonder,Account Representative IV,Colquechaca,Universidad Autónoma Tomás Frías,778-855-2494,hstanway3i@mail.ru
Byram,Edgeblab,Help Desk Technician,Abakan,Belgorod State University,807-805-3276,mbyram3j@i2i.jp
Albin,Thoughtbridge,Software Consultant,Laimuda,Universitas Trilogi,545-685-8551,jalbin3k@themeforest.net
Winchcomb,Thoughtsphere,Dental Hygienist,Ciakar,Politeknik Negeri Lhokseumawe,949-281-5541,swinchcomb3l@fema.gov
Riteley,Thoughtstorm,Senior Sales Associate,Ban Phai,King Mongkut's University of Technology North Bangkok,158-776-0441,briteley3m@goo.ne.jp
Bosworth,Lazz,Dental Hygienist,Kitimat,Université du Québec à Montréal,303-246-9448,mbosworth3n@businessweek.com
Hadlington,Dabfeed,Account Executive,Enköping,Jönköping University College of Health Sciences,679-606-7191,lhadlington3o@phpbb.com
Fenby,Jayo,Research Assistant I,Sorang,Eurasian Institute of market,311-629-4831,hfenby3p@harvard.edu
Leeman,Snaptags,Safety Technician III,Montpellier,Université Louis Pasteur (Strasbourg I),286-324-3722,vleeman3q@booking.com
Ling,Cogidoo,Computer Systems Analyst IV,Beizheng,Hebei United University,792-690-5768,kling3r@omniture.com
Dows,Zooveo,Community Outreach Specialist,Pryyutivka,Precarpathian University,980-856-0786,ddows3s@hugedomains.com
Liddiatt,Eadel,Recruiter,Danané,Université d'Abobo-Adjamé,698-151-1547,eliddiatt3t@g.co
Benitti,Tagopia,Assistant Media Planner,Sujitan,Shenyang Pharmaceutical University,116-511-7286,mbenitti3u@cnn.com
Brocking,Dabvine,Clinical Specialist,Socorro,University of Regina Carmeli,387-756-3437,gbrocking3v@icio.us
Bartlett,Tavu,Occupational Therapist,Courbevoie,Ecole pour les Etudes et la Recherche en Informatique et Electronique,131-855-6590,sbartlett3w@google.com
Sam,Fivechat,Nuclear Power Engineer,San Lorenzo,Universidad Autonoma España de Durango,404-690-5419,msam3x@google.fr
Heskin,Eabox,Assistant Manager,Sil-li,Pyongyang University of Science and Technology,923-350-2405,dheskin3y@hostgator.com
Tybalt,Yotz,Help Desk Operator,Shihuiqiao,North China Electric Power University,793-534-8280,stybalt3z@patch.com
Scrooby,Jaxnation,Analyst Programmer,Slyudyanka,Ivanovo State Academy of Medicine,975-997-2104,gscrooby40@cnn.com
Strewthers,Zoomdog,Help Desk Operator,Aragua de Barcelona,Universidad Bicentenaria de Aragua,241-435-3172,jstrewthers41@canalblog.com
Trase,Agimba,Health Coach II,Panjgūr,NED University of Engineering and Technology Karachi,922-643-8489,atrase42@twitpic.com
Winspire,Tagtune,Biostatistician II,Cové,Espam Formation University,824-577-4912,dwinspire43@yolasite.com
Gwinn,Tazzy,Software Test Engineer II,Fenggao,Shanghai Institue of Foreign Trade,917-900-6566,ggwinn44@paypal.com
Elgie,Babbleopia,Structural Analysis Engineer,Himanka,EVTEK University of Applied Sciences,992-981-2734,jelgie45@statcounter.com
Jacobowits,Einti,Business Systems Development Analyst,Soljani,University of Rijeka,668-252-4852,cjacobowits46@who.int
Mandre,Jamia,Executive Secretary,Yulao,Wuyi University,522-251-5096,emandre47@tinypic.com
Allix,Yozio,Senior Financial Analyst,Pitumarca,Universidad Norbert Wiener,733-539-5307,tallix48@nhs.uk
Ollerton,JumpXS,Analyst Programmer,Ratenggoji,Politeknik Negeri Semarang,653-931-9322,eollerton49@jugem.jp
Lovel,Yambee,Director of Sales,Luoluopu,Yunnan University,565-521-3016,flovel4a@webs.com
Dangerfield,Cogilith,Accounting Assistant IV,Sardasht,Qom University,283-638-3669,edangerfield4b@washington.edu
Kleinsinger,Youspan,Chief Design Engineer,Lindesberg,Mälardalen University,564-438-3157,nkleinsinger4c@amazon.com
Joscelyne,Meevee,Programmer Analyst I,Poggio di Chiesanuova,University of San Marino,517-597-1224,tjoscelyne4d@live.com
Itzik,Wikivu,Media Manager IV,Dahe,Nanjing University,920-279-2216,mitzik4e@sina.com.cn
Grassett,Zoovu,Design Engineer,Yitang,Shanghai Sipo Polytechnic,920-720-3774,rgrassett4f@paypal.com
Estick,Mydo,Data Coordiator,Duotian,Tibet University of Nationalities,283-193-7700,cestick4g@chronoengine.com
Vant,Topicblab,Web Developer IV,Caleufú,Universidad Nacional del Littoral,124-190-6961,hvant4h@alexa.com
Cadreman,Flashspan,Help Desk Operator,Cilentung,Universitas Merdeka Madiun,349-685-8472,zcadreman4i@whitehouse.gov
Fluit,Photobug,Teacher,Chicago,Western Oregon University,773-998-7767,rfluit4j@engadget.com
Valero,Podcat,Community Outreach Specialist,Camasca,Universidad de San Pedro Sula,358-603-0940,cvalero4k@businesswire.com
Hobgen,Vitz,Software Consultant,Tayasan,Notre Dame of Marbel University,952-676-7117,dhobgen4l@home.pl
Cherrett,Bubblemix,Budget/Accounting Analyst IV,Zagreb,University of Osijek,649-114-0844,scherrett4m@admin.ch
Groarty,Lazz,Account Coordinator,Deh-e Now,Takhar University,643-911-9403,sgroarty4n@fda.gov
Queree,Centidel,Business Systems Development Analyst,Guozhai,Zhongshan University,584-703-3828,equeree4o@technorati.com
Foote,Youspan,VP Accounting,Thủ Thừa,Hue University of Agriculture and Forestry,311-568-2541,dfoote4p@blogs.com
Miguel,Trudoo,Developer III,La Loma,Universidad Autónoma del Estado de Morelos,660-931-1877,cmiguel4q@businessinsider.com
Ferri,Gevee,Director of Sales,Ar Riqāb,Université Centrale,697-680-1064,lferri4r@webeden.co.uk
Worsell,Twimm,Accountant II,Nowogard,Akademia Podlaska,627-602-7994,mworsell4s@tinypic.com
Hilhouse,Fivebridge,Product Engineer,Shaxi,Foshan University,580-299-3573,chilhouse4t@dailymail.co.uk
Skeates,Skippad,Staff Accountant II,Kaabong,Kampala International University,220-276-5665,rskeates4u@hatena.ne.jp
Streather,Gabtune,Web Designer IV,Imielin,University of Szczecin,495-546-3545,fstreather4v@google.nl
Hundley,Ozu,Electrical Engineer,Wangying,Shanxi Normal University,299-260-6420,jhundley4w@google.pl
Baumler,Dabvine,General Manager,Hangkou,Northern Jiaotong University,315-301-7349,nbaumler4x@house.gov
Luce,Browsezoom,Software Test Engineer I,Lajeado,Centro Universitário Serra dos Órgãos,164-790-0800,rluce4y@mayoclinic.com
Cornilleau,Thoughtmix,Marketing Assistant,Ferme-Neuve,Nipissing University,185-234-3262,acornilleau4z@merriam-webster.com
Ashbridge,Quamba,Software Test Engineer I,Silongin,Wesleyan University Philippines,193-429-7304,eashbridge50@aboutads.info
Winters,Myworks,Human Resources Assistant I,Pahārpur,The Government Sadiq College Women University Bahawalpur,522-999-1191,cwinters51@rakuten.co.jp
Seif,Photofeed,Compensation Analyst,Yangfang,Guangdong Radio & TV University,271-414-7154,lseif52@wikia.com
Chadderton,Zoozzy,Systems Administrator III,Tam Kỳ,Ho Chi Minh City University of Economics,223-522-1705,kchadderton53@marketwatch.com
Paddie,Babbleopia,Administrative Assistant II,Tanggulangin,Universitas Proklamasi 45,828-154-8874,apaddie54@stumbleupon.com
Cullrford,Roomm,Assistant Professor,Robonkon,University of Southeastern Philippines,851-655-1661,ecullrford55@purevolume.com
Coronado,Reallinks,Assistant Professor,Józefosław,Leon Kozminski Academy of Entrepreneurship and Mangement,421-196-2568,ecoronado56@imgur.com
Bestwall,Feedspan,VP Marketing,Mandalt,Luxun Academy of Fine Art,418-610-1512,rbestwall57@wordpress.com
Jayume,Rhynoodle,Human Resources Manager,Ashchysay,Zhezkazgan Baikonurov University,448-726-9128,kjayume58@ifeng.com
Dixsee,Devshare,Administrative Assistant I,Paris 15,Université de Caen Basse Normandie,431-595-1359,cdixsee59@dropbox.com
Pimlett,Rhynoodle,Nurse,Bendo,Universitas Kristen Indonesia,363-161-5689,rpimlett5a@gmpg.org
Wildash,Twitterworks,Graphic Designer,Kotabunan,Universitas Janabadra,655-384-9458,twildash5b@sina.com.cn
Crisell,Vinte,GIS Technical Architect,Kiloloran,Adventist University of the Philippines,313-180-6619,rcrisell5c@mac.com
Attreed,Jabbertype,VP Product Management,Bolo,University of Regina Carmeli,310-772-1541,gattreed5d@linkedin.com
Jurca,Skinte,Statistician II,Abakan,Samara State Academy for Railway Transportation,768-302-2513,rjurca5e@hao123.com
Catterick,Buzzbean,Senior Sales Associate,Synya,Samara State Aerospace University,808-253-1633,scatterick5f@shop-pro.jp
Epgrave,Wikibox,Help Desk Operator,Ban Tak,Maejo University,727-424-6678,cepgrave5g@statcounter.com
Godsafe,Vitz,Safety Technician IV,Ichihara,Tokyo Kasei University,252-873-5321,mgodsafe5h@dedecms.com
Cornehl,Photobug,Analyst Programmer,Pinamalayan,Information and Communications Technology Academy,119-867-9912,bcornehl5i@blogspot.com